<?xml version = "1.0"?>
    <Configuration>
	    <Ports>
          <Port num = "1">
            <Rate>19200</Rate>
            <CpuSpeed>F</CpuSpeed>
            <Verbose>V</Verbose>
            <AutoMount>T</AutoMount>
            <DefaultDirectory>C:\Users\mevenson\EvensonConsultingServices\SWTPCmemulator\DISKS</DefaultDirectory>
            <ImageFiles>
              <ImageFile>PCSTREAM</ImageFile>
              <ImageFile>OS9TEST</ImageFile>
              <ImageFile>EmuOs9Boot</ImageFile>
            </ImageFiles>
          </Port>
      </Ports>
        
      <Shutdown>F</Shutdown>
        
	</Configuration>