<?xml version="1.0" encoding="utf-8"?>
	<Configuration>
	    <Ports>
	        <Port num="4" >
	            <Rate>57600</Rate>
	            <CpuSpeed>F</CpuSpeed>
	            <Verbose>Y</Verbose>
	            <ImageFiles>
	                <ImageFile></ImageFile>
	                <ImageFile></ImageFile>
	                <ImageFile></ImageFile>
	                <ImageFile>DISKS\FLX11ALL</ImageFile>
	            </ImageFiles>
	            <AutoMount>T</AutoMount>
	        </Port>
	    </Ports>
	    <Shutdown>T</Shutdown>
	</Configuration>
